date,time,conditions,temperature,precipitation,in,humidity,wind
2026-10-05,1:00 pm,Partly Cloudy,51°F,0%,0in,59%,11 mph NW
2026-10-05,5:00 pm,Sunny,52°F,0%,0in,50%,10 mph NW
2026-10-06,10:00 pm,Mostly Clear,39°F,1%,0in,82%,4 mph E
2026-10-06,5:00 am,Cloudy,44°F,6%,0in,91%,7 mph SSE
2026-10-06,12:00 pm,Partly Cloudy,62°F,15%,0in,64%,10 mph SSW
2026-10-06,5:00 pm,Partly Cloudy,69°F,15%,0in,54%,15 mph W
2026-10-07,9:00 pm,Partly Cloudy,60°F,2%,0in,77%,12 mph W
2026-10-07,3:00 am,Clear,56°F,2%,0in,72%,10 mph WNW
2026-10-07,11:00 am,Showers,57°F,55%,0in,70%,14 mph W
2026-10-07,5:00 pm,Mostly Sunny/Wind,62°F,15%,0in,52%,23 mph WNW
2026-10-08,9:00 pm,Mostly Clear,52°F,15%,0in,77%,13 mph WNW
2026-10-08,4:00 am,Clear,50°F,3%,0in,78%,14 mph WNW
2026-10-08,12:00 pm,Mostly Sunny/Wind,55°F,1%,0in,64%,20 mph WNW
2026-10-08,5:00 pm,Partly Cloudy,56°F,0%,0in,57%,15 mph W
2026-10-09,10:00 pm,Clear,51°F,1%,0in,68%,8 mph WNW
2026-10-09,5:00 am,Cloudy,41°F,15%,0in,88%,3 mph NW
